user_id,name,email,age
1,Ahmed Fathy,user1@example.com,57
2,Ali Ibrahim,user2@example.com,58
3,Ali Farouk,user3@example.com,18
4,Laila Fathy,user4@example.com,30
5,Laila Adel,user5@example.com,33
6,Nour Nabil,user6@example.com,56
7,Omar Farouk,user7@example.com,57
8,Youssef Adel,user8@example.com,25
9,Mona Farouk,user9@example.com,39
10,Laila Nabil,user10@example.com,47
11,Omar Tarek,user11@example.com,39
12,Ali Mohamed,user12@example.com,38
13,Mona Mohamed,user13@example.com,21
14,Ali Mohamed,user14@example.com,39
15,Ali Refat,user15@example.com,59
16,Laila Nabil,user16@example.com,46
17,Youssef Farouk,user17@example.com,53
18,Ali Adel,user18@example.com,25
19,Ali Farouk,user19@example.com,52
20,Nour Refat,user20@example.com,29
22,Ahmed Ibrahim,user22@example.com,60
23,Khaled Sami,user23@example.com,53
24,Ahmed Farouk,user24@example.com,39
25,Omar Farouk,user25@example.com,21
26,Mona Refat,user26@example.com,21
27,Khaled Hassan,user27@example.com,32
28,Khaled Hassan,user28@example.com,48
29,Mona Hassan,user29@example.com,52
30,Laila Adel,user30@example.com,46
31,Laila Adel,user31@example.com,28
32,Khaled Mohamed,user32@example.com,40
33,Sara Fathy,user33@example.com,56
34,Ahmed Tarek,user34@example.com,30
35,Khaled Hassan,user35@example.com,24
36,Laila Ibrahim,user36@example.com,38
37,Mona Farouk,user37@example.com,46
38,Mona Farouk,user38@example.com,34
39,Laila Fathy,user39@example.com,36
40,Laila Sami,user40@example.com,27
41,Hana Hassan,user41@example.com,60
42,Mona Hassan,user42@example.com,60
43,Khaled Fathy,user43@example.com,47
44,Mona Sami,user44@example.com,58
45,Laila Mohamed,user45@example.com,20
46,Sara Tarek,user46@example.com,30
47,Laila Ibrahim,user47@example.com,26
48,Khaled Mohamed,user48@example.com,31
49,Laila Farouk,user49@example.com,59
50,Ali Tarek,user50@example.com,56
51,Youssef Hassan,user51@example.com,56
52,Youssef Mohamed,user52@example.com,32
53,Omar Ibrahim,user53@example.com,43
54,Omar Ibrahim,user54@example.com,41
55,Khaled Refat,user55@example.com,60
56,Hana Mohamed,user56@example.com,26
57,Omar Farouk,user57@example.com,24
58,Mona Fathy,user58@example.com,20
59,Mona Hassan,user59@example.com,56
60,Hana Sami,user60@example.com,21
61,Nour Tarek,user61@example.com,44
62,Khaled Farouk,user62@example.com,34
63,Sara Ibrahim,user63@example.com,22
64,Ali Refat,user64@example.com,41
65,Sara Farouk,user65@example.com,57
66,Youssef Farouk,user66@example.com,29
67,Hana Mohamed,user67@example.com,21
68,Nour Fathy,user68@example.com,32
69,Khaled Refat,user69@example.com,26
70,Youssef Hassan,user70@example.com,55
71,Hana Tarek,user71@example.com,45
72,Omar Mohamed,user72@example.com,52
73,Omar Sami,user73@example.com,45
74,Nour Sami,user74@example.com,38
75,Mona Adel,user75@example.com,29
76,Youssef Ibrahim,user76@example.com,49
77,Hana Fathy,user77@example.com,33
78,Mona Refat,user78@example.com,49
79,Nour Fathy,user79@example.com,31
80,Ali Adel,user80@example.com,48
81,Nour Ibrahim,user81@example.com,23
82,Ahmed Adel,user82@example.com,40
83,Sara Farouk,user83@example.com,23
84,Mona Sami,user84@example.com,30
85,Hana Adel,user85@example.com,24
86,Mona Tarek,user86@example.com,27
87,Nour Adel,user87@example.com,42
88,Laila Sami,user88@example.com,53
89,Khaled Mohamed,user89@example.com,21
90,Khaled Nabil,user90@example.com,40
91,Youssef Sami,user91@example.com,60
92,Omar Mohamed,user92@example.com,49
93,Omar Farouk,user93@example.com,43
94,Ahmed Tarek,user94@example.com,18
95,Sara Hassan,user95@example.com,26
96,Sara Ibrahim,user96@example.com,43
97,Mona Hassan,user97@example.com,25
98,Youssef Hassan,user98@example.com,51
99,Khaled Refat,user99@example.com,59
100,Youssef Ibrahim,user100@example.com,46
101,Laila Sami,user101@example.com,60
102,Nour Sami,user102@example.com,41
103,Youssef Nabil,user103@example.com,33
104,Hana Mohamed,user104@example.com,28
105,Omar Refat,user105@example.com,56
106,Nour Fathy,user106@example.com,56
107,Ali Sami,user107@example.com,53
108,Youssef Hassan,user108@example.com,46
109,Nour Adel,user109@example.com,40
110,Khaled Tarek,user110@example.com,49
111,Mona Tarek,user111@example.com,59
112,Laila Hassan,user112@example.com,60
113,Laila Adel,user113@example.com,57
114,Khaled Mohamed,user114@example.com,20
115,Omar Hassan,user115@example.com,53
116,Nour Farouk,user116@example.com,58
117,Khaled Fathy,user117@example.com,33
118,Ali Mohamed,user118@example.com,51
119,Omar Tarek,user119@example.com,38
120,Omar Hassan,user120@example.com,25
121,Laila Sami,user121@example.com,41
122,Ali Sami,user122@example.com,32
123,Laila Mohamed,user123@example.com,32
124,Youssef Refat,user124@example.com,58
125,Khaled Adel,user125@example.com,42
126,Ahmed Hassan,user126@example.com,55
127,Laila Tarek,user127@example.com,32
128,Khaled Farouk,user128@example.com,48
129,Nour Sami,user129@example.com,29
130,Omar Ibrahim,user130@example.com,41
131,Omar Farouk,user131@example.com,45
132,Nour Farouk,user132@example.com,38
133,Ahmed Hassan,user133@example.com,55
134,Hana Tarek,user134@example.com,52
135,Sara Farouk,user135@example.com,57
136,Sara Mohamed,user136@example.com,41
137,Mona Tarek,user137@example.com,33
138,Sara Refat,user138@example.com,32
139,Hana Adel,user139@example.com,27
140,Nour Ibrahim,user140@example.com,21
141,Nour Tarek,user141@example.com,23
142,Omar Ibrahim,user142@example.com,43
143,Ahmed Fathy,user143@example.com,36
144,Sara Sami,user144@example.com,25
145,Nour Tarek,user145@example.com,32
146,Sara Nabil,user146@example.com,22
147,Youssef Nabil,user147@example.com,39
148,Sara Adel,user148@example.com,50
149,Laila Hassan,user149@example.com,47
150,Hana Fathy,user150@example.com,20
151,Nour Farouk,user151@example.com,40
152,Khaled Adel,user152@example.com,36
153,Nour Ibrahim,user153@example.com,26
154,Khaled Mohamed,user154@example.com,39
155,Ahmed Nabil,user155@example.com,31
156,Nour Mohamed,user156@example.com,49
157,Sara Fathy,user157@example.com,45
158,Sara Nabil,user158@example.com,29
159,Youssef Mohamed,user159@example.com,37
160,Ahmed Sami,user160@example.com,30
161,Youssef Farouk,user161@example.com,25
162,Laila Hassan,user162@example.com,41
163,Mona Refat,user163@example.com,26
164,Nour Ibrahim,user164@example.com,38
165,Sara Hassan,user165@example.com,21
166,Nour Mohamed,user166@example.com,45
167,Sara Sami,user167@example.com,56
168,Ahmed Fathy,user168@example.com,21
169,Omar Farouk,user169@example.com,20
170,Hana Hassan,user170@example.com,41
171,Omar Adel,user171@example.com,36
172,Hana Refat,user172@example.com,47
173,Laila Nabil,user173@example.com,28
174,Sara Sami,user174@example.com,32
175,Sara Mohamed,user175@example.com,41
176,Hana Nabil,user176@example.com,21
177,Youssef Mohamed,user177@example.com,51
178,Youssef Nabil,user178@example.com,21
179,Omar Fathy,user179@example.com,50
180,Ali Refat,user180@example.com,43
181,Khaled Ibrahim,user181@example.com,26
182,Laila Refat,user182@example.com,30
183,Youssef Sami,user183@example.com,18
184,Ali Hassan,user184@example.com,51
185,Sara Hassan,user185@example.com,21
186,Laila Adel,user186@example.com,31
187,Mona Ibrahim,user187@example.com,55
188,Sara Adel,user188@example.com,28
189,Nour Tarek,user189@example.com,26
190,Ali Ibrahim,user190@example.com,27
191,Nour Sami,user191@example.com,27
192,Hana Sami,user192@example.com,31
193,Youssef Mohamed,user193@example.com,30
194,Mona Mohamed,user194@example.com,31
195,Ali Ibrahim,user195@example.com,31
196,Ahmed Nabil,user196@example.com,29
197,Omar Ibrahim,user197@example.com,49
198,Mona Adel,user198@example.com,59
199,Ali Sami,user199@example.com,52
200,Sara Sami,user200@example.com,25
201,Mona Sami,user201@example.com,28
202,Omar Nabil,user202@example.com,31
203,Sara Sami,user203@example.com,33
204,Hana Refat,user204@example.com,34
205,Mona Fathy,user205@example.com,53
206,Ahmed Farouk,user206@example.com,51
207,Hana Adel,user207@example.com,25
208,Ali Ibrahim,user208@example.com,34
209,Omar Farouk,user209@example.com,26
210,Khaled Refat,user210@example.com,30
211,Hana Fathy,user211@example.com,31
212,Ahmed Farouk,user212@example.com,56
213,Laila Refat,user213@example.com,48
214,Mona Adel,user214@example.com,49
215,Hana Nabil,user215@example.com,59
216,Laila Mohamed,user216@example.com,60
217,Ahmed Tarek,user217@example.com,44
218,Laila Ibrahim,user218@example.com,51
219,Hana Adel,user219@example.com,59
220,Omar Refat,user220@example.com,29
221,Omar Mohamed,user221@example.com,31
222,Ali Nabil,user222@example.com,39
223,Mona Fathy,user223@example.com,54
224,Youssef Nabil,user224@example.com,49
225,Khaled Nabil,user225@example.com,25
226,Ali Ibrahim,user226@example.com,36
227,Khaled Fathy,user227@example.com,25
228,Ali Fathy,user228@example.com,35
229,Laila Nabil,user229@example.com,50
230,Hana Tarek,user230@example.com,54
231,Nour Tarek,user231@example.com,43
232,Hana Adel,user232@example.com,22
233,Ahmed Farouk,user233@example.com,39
234,Laila Nabil,user234@example.com,36
235,Khaled Sami,user235@example.com,48
236,Ahmed Mohamed,user236@example.com,22
237,Ali Nabil,user237@example.com,56
238,Laila Ibrahim,user238@example.com,34
239,Hana Tarek,user239@example.com,47
240,Mona Farouk,user240@example.com,30
241,Mona Farouk,user241@example.com,25
242,Nour Farouk,user242@example.com,50
243,Laila Nabil,user243@example.com,56
244,Nour Farouk,user244@example.com,57
245,Omar Farouk,user245@example.com,29
246,Laila Farouk,user246@example.com,57
247,Sara Fathy,user247@example.com,20
248,Hana Nabil,user248@example.com,51
249,Omar Tarek,user249@example.com,34
250,Sara Refat,user250@example.com,23
251,Hana Mohamed,user251@example.com,39
252,Ahmed Tarek,user252@example.com,18
253,Khaled Adel,user253@example.com,38
254,Khaled Hassan,user254@example.com,23
255,Youssef Sami,user255@example.com,41
256,Laila Tarek,user256@example.com,47
257,Nour Mohamed,user257@example.com,46
258,Ahmed Fathy,user258@example.com,58
259,Hana Mohamed,user259@example.com,39
260,Laila Nabil,user260@example.com,22
261,Sara Sami,user261@example.com,20
262,Hana Refat,user262@example.com,54
263,Sara Farouk,user263@example.com,25
264,Khaled Farouk,user264@example.com,42
265,Ahmed Mohamed,user265@example.com,25
266,Omar Mohamed,user266@example.com,38
267,Ahmed Fathy,user267@example.com,30
268,Ahmed Sami,user268@example.com,41
269,Omar Adel,user269@example.com,36
270,Sara Mohamed,user270@example.com,52
271,Nour Ibrahim,user271@example.com,32
272,Nour Ibrahim,user272@example.com,35
273,Mona Mohamed,user273@example.com,55
274,Khaled Fathy,user274@example.com,20
275,Hana Fathy,user275@example.com,24
276,Sara Fathy,user276@example.com,49
277,Laila Fathy,user277@example.com,60
278,Laila Sami,user278@example.com,55
279,Hana Nabil,user279@example.com,29
280,Mona Hassan,user280@example.com,34
281,Khaled Ibrahim,user281@example.com,44
282,Laila Adel,user282@example.com,23
283,Laila Nabil,user283@example.com,22
284,Omar Farouk,user284@example.com,28
285,Khaled Sami,user285@example.com,32
286,Youssef Tarek,user286@example.com,48
287,Omar Refat,user287@example.com,22
288,Hana Fathy,user288@example.com,53
289,Ahmed Sami,user289@example.com,44
290,Ahmed Refat,user290@example.com,49
291,Mona Adel,user291@example.com,58
292,Ali Farouk,user292@example.com,44
293,Ahmed Refat,user293@example.com,28
294,Sara Farouk,user294@example.com,19
295,Nour Adel,user295@example.com,39
296,Ahmed Adel,user296@example.com,32
297,Youssef Ibrahim,user297@example.com,54
298,Laila Tarek,user298@example.com,47
299,Hana Refat,user299@example.com,57
